"gogrpc","gohttp","javahttp","javagrpc"
132,174,163,553
978,135,173,160
154,152,193,155
135,173,127,156
144,183,145,155
153,122,145,172
101,145,176,162
135,119,206,177
139,195,142,155
136,112,142,152
162,108,163,177
133,175,166,183
134,120,180,162
102,121,152,162
124,177,107,209
117,170,133,245
152,192,209,222
101,137,184,208
105,132,133,216
975,126,127,151
108,152,135,210
102,164,134,154
200,144,155,145
139,120,173,214
986,125,169,195
134,149,133,184
172,126,123,145
152,127,126,182
101,175,136,191
105,178,150,159
176,120,132,154
174,156,124,190
129,121,156,172
699,121,117,123
140,147,181,175
814,158,191,168
142,167,174,207
133,181,155,160
134,157,185,175
134,123,179,152
135,177,188,166
138,121,126,153
120,180,133,170
103,129,128,152
107,156,127,152
106,120,127,148
114,127,184,950
110,119,125,190
109,179,139,177
103,124,189,195
152,126,137,204
165,126,160,199
978,173,129,198
111,156,158,197
129,165,126,212
103,153,130,171
100,148,155,175
137,148,147,120
130,189,168,151
120,123,181,136
115,186,175,145
152,171,164,158
155,173,130,145
154,123,155,168
153,119,184,178
157,122,184,176
168,126,189,148
174,126,154,158
138,150,160,173
172,140,179,176
174,167,131,140
171,121,146,144
135,122,158,142
795,159,126,106
108,172,160,155
137,153,133,196
155,122,181,148
136,205,182,155
145,121,181,168
161,120,129,141
142,149,165,199
130,134,155,142
114,129,133,142
717,812,135,183
110,118,177,159
770,190,128,161
155,370,143,143
120,177,181,148
109,124,125,190
154,122,169,187
977,173,156,140
109,120,143,138
134,163,141,137
109,129,129,151
106,212,125,145
133,154,134,155
903,175,158,142
147,142,136,149
158,180,123,143
153,150,159,152
105,125,203,180
158,168,126,106
101,157,154,179
105,171,177,184
103,125,852,168
115,126,177,143
133,174,159,135
150,142,122,150
983,125,129,172
992,126,125,203
113,184,122,150
126,128,122,150
110,120,191,169
146,124,182,174
134,176,163,175
121,179,121,226
102,120,152,138
138,151,131,141
108,164,123,144
135,135,127,187
136,174,142,189
140,179,129,195
150,200,128,210
855,154,159,149
202,182,130,101
135,184,127,206
146,120,154,170
120,178,177,143
104,158,136,139
108,172,127,143
982,118,174,135
159,146,151,167
155,145,125,169
155,189,122,175
107,124,142,170
140,125,157,187
102,117,162,200
122,118,126,134
149,118,119,140
739,189,149,145
104,160,163,138
944,906,154,170
152,140,121,166
153,142,152,161
100,160,135,161
108,175,120,166
103,184,122,129
100,154,177,172
106,127,181,176
138,117,155,141
137,126,133,214
137,174,125,203
135,128,184,192
165,192,125,201
159,129,159,139
148,153,123,137
142,168,127,136
168,149,107,132
156,176,152,133
122,135,177,133
136,122,123,133
158,126,135,133
128,134,129,132
136,151,122,132
162,132,133,962
143,155,125,138
103,167,130,144
104,178,121,145
167,118,129,137
1,171,176,202
113,164,121,186
144,427,125,179
133,153,145,135
100,129,147,136
153,158,182,193
151,171,123,136
158,127,130,137
138,151,123,146
170,125,120,200
168,151,105,195
151,156,120,189
146,130,128,196
103,151,131,177
153,132,121,118
109,124,159,137
111,131,121,135
107,167,130,137
133,161,132,133
638,174,141,131
748,127,152,133
104,172,151,962
889,123,127,143
893,185,170,132
109,151,151,139
102,176,118,166
142,152,123,183
108,148,127,197
123,167,150,187
144,122,119,131
131,179,164,130
127,201,133,131
113,141,173,134
111,157,155,141
155,127,120,134
127,144,126,136
107,200,157,168
102,178,177,189
763,189,121,188
109,123,175,185
102,175,125,185
167,112,149,190
174,121,121,194
993,923,102,184
174,154,186,163
105,142,121,128
101,133,173,128
102,121,123,128
105,148,135,129
118,135,186,136
107,132,118,143
134,178,149,152
139,126,140,134
154,157,126,161
107,204,123,135
166,928,119,137
106,131,151,134
116,126,124,186
101,158,121,154
146,118,124,137
122,175,132,184
139,149,171,176
118,187,174,141
160,178,148,190
121,122,122,145
139,188,177,183
169,911,118,134
135,113,121,133
122,203,118,132
101,139,127,150
133,155,126,134
140,155,156,148
123,155,121,136
102,189,155,161
137,151,133,139
137,121,123,142
142,201,117,139
171,150,156,150
114,100,159,175
141,162,108,164
780,168,157,132
117,141,138,147
988,151,138,226
155,171,125,157
152,148,130,178
154,173,121,121
157,143,128,158
175,134,153,140
146,137,167,135
174,123,133,185
169,127,122,178
171,123,144,180
103,123,166,182
134,122,166,180
101,148,133,181
131,129,149,186
155,152,128,180
151,144,174,103
116,126,195,151
106,161,129,155
133,157,137,156
160,181,115,155
158,168,174,155
155,181,176,159
103,177,143,159
152,120,164,154
108,933,171,153
111,163,119,177
102,161,118,155
103,129,129,173
979,125,158,141
105,188,153,150
103,197,120,156
122,124,116,156
110,149,125,152
100,161,149,159
101,179,140,152
104,122,152,155
135,162,109,153
873,167,156,157
138,184,144,153
137,140,122,153
137,165,171,166
136,137,153,153
130,141,153,158
132,152,142,157
104,117,145,152
131,165,112,129
109,200,124,178
101,132,113,121
800,193,140,145
103,136,118,140
126,151,138,141
158,172,141,124
152,145,117,156
132,166,117,123
107,188,158,166
133,128,115,125
108,125,129,125
104,184,146,122
169,143,168,141
168,126,114,172
172,147,114,150
981,161,148,123
123,130,167,127
126,171,144,153
130,172,157,128
113,189,122,152
143,129,118,169
987,122,115,163
133,571,896,152
169,152,138,121
168,154,140,128
168,177,115,123
168,150,113,122
100,120,730,121
176,171,124,121
172,122,171,122
130,108,115,160
153,157,790,150
179,128,110,123
735,122,136,122
130,177,170,173
145,152,110,151
101,146,117,153
133,153,139,154
132,175,146,103
105,148,162,127
128,151,131,936
104,124,119,115
134,173,110,141
110,148,116,169
100,806,119,128
131,124,139,122
128,128,120,125
139,161,160,128
134,120,165,128
129,173,157,113
110,190,167,121
132,124,144,132
1,179,150,120
